{
  "IsCloudStoreUrl": true,
  "StoreUrl": "https://cloud.uipath.com/cognitivemetaphors/CognitiveMetaphors/dataservice_/entities",
  "TenantName": "CognitiveMetaphors",
  "Entities": [
    {
      "Id": "84dc9233-a693-eb11-85aa-0003ffba1aac",
      "Name": "SocMedSignUp",
      "DisplayName": "SocMedBotsSignUp",
      "Description": "People who have signed up for SocMedBotsFollowers automation.",
      "CreateTime": "2021-04-02T11:26:01.407Z",
      "UpdateTime": "2021-04-02T11:28:00.007Z",
      "Fields": [
        {
          "Id": "2b25c543-ecd6-4a14-974b-b57fe2cac4e2",
          "Name": "CreatedBy",
          "DisplayName": "CreatedBy",
          "Description": "System built-in field",
          "CreateTime": "2021-04-02T11:26:01.42Z",
          "UpdateTime": "2021-04-02T11:26:01.42Z",
          "SqlType": {
            "Name": "UNIQUEIDENTIFIER",
            "LengthLimit": null,
            "MaxValue": null,
            "MinValue": null,
            "DecimalPrecision": null
          },
          "IsSystemField": true,
          "IsRequired": true,
          "ReferenceEntity": null,
          "ReferenceType": "ManyToOne",
          "FieldDisplayType": "Basic",
          "ReferenceChoiceSet": null,
          "IsAttachment": false
        },
        {
          "Id": "14d5cbd8-3941-4857-8747-6ba2632be899",
          "Name": "CreateTime",
          "DisplayName": "CreateTime",
          "Description": "System built-in field",
          "CreateTime": "2021-04-02T11:26:01.42Z",
          "UpdateTime": "2021-04-02T11:26:01.42Z",
          "SqlType": {
            "Name": "DATETIMEOFFSET",
            "LengthLimit": null,
            "MaxValue": null,
            "MinValue": null,
            "DecimalPrecision": null
          },
          "IsSystemField": true,
          "IsRequired": true,
          "ReferenceEntity": null,
          "ReferenceType": "ManyToOne",
          "FieldDisplayType": "Basic",
          "ReferenceChoiceSet": null,
          "IsAttachment": false
        },
        {
          "Id": "7bc10f63-a693-eb11-85aa-0003ffba1aac",
          "Name": "Handle",
          "DisplayName": "Handle",
          "Description": "Social Media Handle being tracked.",
          "CreateTime": "2021-04-02T11:27:21.083Z",
          "UpdateTime": "2021-04-02T11:27:31.387Z",
          "SqlType": {
            "Name": "NVARCHAR",
            "LengthLimit": 200,
            "MaxValue": null,
            "MinValue": null,
            "DecimalPrecision": null
          },
          "IsSystemField": false,
          "IsRequired": true,
          "ReferenceEntity": null,
          "ReferenceType": "ManyToOne",
          "FieldDisplayType": "Basic",
          "ReferenceChoiceSet": null,
          "IsAttachment": false
        },
        {
          "Id": "c0339d29-1f6c-435d-90c2-2d95285e17db",
          "Name": "Id",
          "DisplayName": "Id",
          "Description": "System built-in field",
          "CreateTime": "2021-04-02T11:26:01.42Z",
          "UpdateTime": "2021-04-02T11:26:01.42Z",
          "SqlType": {
            "Name": "UNIQUEIDENTIFIER",
            "LengthLimit": null,
            "MaxValue": null,
            "MinValue": null,
            "DecimalPrecision": null
          },
          "IsSystemField": true,
          "IsRequired": true,
          "ReferenceEntity": null,
          "ReferenceType": "ManyToOne",
          "FieldDisplayType": "Basic",
          "ReferenceChoiceSet": null,
          "IsAttachment": false
        },
        {
          "Id": "e9be427a-a693-eb11-85aa-0003ffba1aac",
          "Name": "SocialMediaSite",
          "DisplayName": "SocialMediaSite",
          "Description": "",
          "CreateTime": "2021-04-02T11:28:00.007Z",
          "UpdateTime": "2021-04-02T11:28:00.007Z",
          "SqlType": {
            "Name": "INT",
            "LengthLimit": 200,
            "MaxValue": 1000000000000.0,
            "MinValue": -1000000000000.0,
            "DecimalPrecision": null
          },
          "IsSystemField": false,
          "IsRequired": true,
          "ReferenceEntity": null,
          "ReferenceType": "ManyToOne",
          "FieldDisplayType": "ChoiceSetSingle",
          "ReferenceChoiceSet": {
            "Name": "SocMedSites"
          },
          "IsAttachment": false
        },
        {
          "Id": "2cd56833-fdf1-4819-8660-cdca252242c4",
          "Name": "UpdatedBy",
          "DisplayName": "UpdatedBy",
          "Description": "System built-in field",
          "CreateTime": "2021-04-02T11:26:01.42Z",
          "UpdateTime": "2021-04-02T11:26:01.42Z",
          "SqlType": {
            "Name": "UNIQUEIDENTIFIER",
            "LengthLimit": null,
            "MaxValue": null,
            "MinValue": null,
            "DecimalPrecision": null
          },
          "IsSystemField": true,
          "IsRequired": false,
          "ReferenceEntity": null,
          "ReferenceType": "ManyToOne",
          "FieldDisplayType": "Basic",
          "ReferenceChoiceSet": null,
          "IsAttachment": false
        },
        {
          "Id": "e3373585-422a-489f-9e47-8a9f060e1f86",
          "Name": "UpdateTime",
          "DisplayName": "UpdateTime",
          "Description": "System built-in field",
          "CreateTime": "2021-04-02T11:26:01.42Z",
          "UpdateTime": "2021-04-02T11:26:01.42Z",
          "SqlType": {
            "Name": "DATETIMEOFFSET",
            "LengthLimit": null,
            "MaxValue": null,
            "MinValue": null,
            "DecimalPrecision": null
          },
          "IsSystemField": true,
          "IsRequired": false,
          "ReferenceEntity": null,
          "ReferenceType": "ManyToOne",
          "FieldDisplayType": "Basic",
          "ReferenceChoiceSet": null,
          "IsAttachment": false
        }
      ],
      "RecordCount": 2,
      "EntityType": "Entity"
    },
    {
      "Id": "560a981e-7c9f-eb11-85aa-0003ffba1aac",
      "Name": "SocMedFollowing",
      "DisplayName": "SocMedFollowing",
      "Description": "Social Media Following is related to SocMedBotsSignUp",
      "CreateTime": "2021-04-17T12:55:01.303Z",
      "UpdateTime": "2021-04-17T14:06:34.827Z",
      "Fields": [
        {
          "Id": "00c5f1d4-2cb0-49e6-8b07-1065e29eb2ed",
          "Name": "CreatedBy",
          "DisplayName": "CreatedBy",
          "Description": "System built-in field",
          "CreateTime": "2021-04-17T12:55:01.313Z",
          "UpdateTime": "2021-04-17T12:55:01.313Z",
          "SqlType": {
            "Name": "UNIQUEIDENTIFIER",
            "LengthLimit": null,
            "MaxValue": null,
            "MinValue": null,
            "DecimalPrecision": null
          },
          "IsSystemField": true,
          "IsRequired": true,
          "ReferenceEntity": null,
          "ReferenceType": "ManyToOne",
          "FieldDisplayType": "Basic",
          "ReferenceChoiceSet": null,
          "IsAttachment": false
        },
        {
          "Id": "6797e4a8-ea29-4e39-b85d-d84418b89b70",
          "Name": "CreateTime",
          "DisplayName": "CreateTime",
          "Description": "System built-in field",
          "CreateTime": "2021-04-17T12:55:01.313Z",
          "UpdateTime": "2021-04-17T12:55:01.313Z",
          "SqlType": {
            "Name": "DATETIMEOFFSET",
            "LengthLimit": null,
            "MaxValue": null,
            "MinValue": null,
            "DecimalPrecision": null
          },
          "IsSystemField": true,
          "IsRequired": true,
          "ReferenceEntity": null,
          "ReferenceType": "ManyToOne",
          "FieldDisplayType": "Basic",
          "ReferenceChoiceSet": null,
          "IsAttachment": false
        },
        {
          "Id": "9bcec182-7c9f-eb11-85aa-0003ffba1aac",
          "Name": "Followers",
          "DisplayName": "Followers",
          "Description": "The followers of handle on socmediasite recorded on createdby date.",
          "CreateTime": "2021-04-17T12:57:49.333Z",
          "UpdateTime": "2021-04-17T12:57:49.333Z",
          "SqlType": {
            "Name": "DECIMAL",
            "LengthLimit": 1000,
            "MaxValue": 1000000000000.0,
            "MinValue": -1000000000000.0,
            "DecimalPrecision": 2
          },
          "IsSystemField": false,
          "IsRequired": false,
          "ReferenceEntity": null,
          "ReferenceType": "ManyToOne",
          "FieldDisplayType": "Basic",
          "ReferenceChoiceSet": null,
          "IsAttachment": false
        },
        {
          "Id": "7f3ae1fd-859f-eb11-85aa-0003ffba1aac",
          "Name": "Handle",
          "DisplayName": "Handle",
          "Description": "",
          "CreateTime": "2021-04-17T14:05:41.377Z",
          "UpdateTime": "2021-04-17T14:05:41.377Z",
          "SqlType": {
            "Name": "NVARCHAR",
            "LengthLimit": 200,
            "MaxValue": null,
            "MinValue": null,
            "DecimalPrecision": null
          },
          "IsSystemField": false,
          "IsRequired": false,
          "ReferenceEntity": null,
          "ReferenceType": "ManyToOne",
          "FieldDisplayType": "Basic",
          "ReferenceChoiceSet": null,
          "IsAttachment": false
        },
        {
          "Id": "c9139306-ba73-44e3-b1e4-25b6f1a859a1",
          "Name": "Id",
          "DisplayName": "Id",
          "Description": "System built-in field",
          "CreateTime": "2021-04-17T12:55:01.313Z",
          "UpdateTime": "2021-04-17T12:55:01.313Z",
          "SqlType": {
            "Name": "UNIQUEIDENTIFIER",
            "LengthLimit": null,
            "MaxValue": null,
            "MinValue": null,
            "DecimalPrecision": null
          },
          "IsSystemField": true,
          "IsRequired": true,
          "ReferenceEntity": null,
          "ReferenceType": "ManyToOne",
          "FieldDisplayType": "Basic",
          "ReferenceChoiceSet": null,
          "IsAttachment": false
        },
        {
          "Id": "8d7abd1d-869f-eb11-85aa-0003ffba1aac",
          "Name": "SocialMediaSite",
          "DisplayName": "SocialMediaSite",
          "Description": "",
          "CreateTime": "2021-04-17T14:06:34.827Z",
          "UpdateTime": "2021-04-17T14:06:34.827Z",
          "SqlType": {
            "Name": "INT",
            "LengthLimit": 200,
            "MaxValue": 1000000000000.0,
            "MinValue": -1000000000000.0,
            "DecimalPrecision": null
          },
          "IsSystemField": false,
          "IsRequired": false,
          "ReferenceEntity": null,
          "ReferenceType": "ManyToOne",
          "FieldDisplayType": "ChoiceSetSingle",
          "ReferenceChoiceSet": {
            "Name": "SocMedSites"
          },
          "IsAttachment": false
        },
        {
          "Id": "c8406122-efb7-4465-becb-721a8660d8fa",
          "Name": "UpdatedBy",
          "DisplayName": "UpdatedBy",
          "Description": "System built-in field",
          "CreateTime": "2021-04-17T12:55:01.313Z",
          "UpdateTime": "2021-04-17T12:55:01.313Z",
          "SqlType": {
            "Name": "UNIQUEIDENTIFIER",
            "LengthLimit": null,
            "MaxValue": null,
            "MinValue": null,
            "DecimalPrecision": null
          },
          "IsSystemField": true,
          "IsRequired": false,
          "ReferenceEntity": null,
          "ReferenceType": "ManyToOne",
          "FieldDisplayType": "Basic",
          "ReferenceChoiceSet": null,
          "IsAttachment": false
        },
        {
          "Id": "722fbcda-2a4e-43b4-90d1-8c6fec8f8aa8",
          "Name": "UpdateTime",
          "DisplayName": "UpdateTime",
          "Description": "System built-in field",
          "CreateTime": "2021-04-17T12:55:01.313Z",
          "UpdateTime": "2021-04-17T12:55:01.313Z",
          "SqlType": {
            "Name": "DATETIMEOFFSET",
            "LengthLimit": null,
            "MaxValue": null,
            "MinValue": null,
            "DecimalPrecision": null
          },
          "IsSystemField": true,
          "IsRequired": false,
          "ReferenceEntity": null,
          "ReferenceType": "ManyToOne",
          "FieldDisplayType": "Basic",
          "ReferenceChoiceSet": null,
          "IsAttachment": false
        }
      ],
      "RecordCount": 8,
      "EntityType": "Entity"
    }
  ],
  "Namespace": "SocMedBotPerformer",
  "EntitiesJson": "{\"entities\":[{\"name\":\"SocMedSignUp\",\"displayName\":\"SocMedBotsSignUp\",\"entityTypeId\":0,\"entityType\":\"Entity\",\"description\":\"People who have signed up for SocMedBotsFollowers automation.\",\"fields\":[{\"id\":\"2b25c543-ecd6-4a14-974b-b57fe2cac4e2\",\"name\":\"CreatedBy\",\"isPrimaryKey\":false,\"isForeignKey\":false,\"isUnique\":false,\"referenceType\":\"ManyToOne\",\"sqlType\":{\"name\":\"UNIQUEIDENTIFIER\"},\"isRequired\":true,\"displayName\":\"CreatedBy\",\"description\":\"System built-in field\",\"createTime\":\"2021-04-02T11:26:01.42Z\",\"createdBy\":\"8591aa4f-5f73-472a-9097-554b57154416\",\"updateTime\":\"2021-04-02T11:26:01.42Z\",\"isSystemField\":true,\"fieldDisplayType\":\"Basic\",\"choiceSetId\":\"00000000-0000-0000-0000-000000000000\",\"isAttachment\":false,\"isRbacEnabled\":false},{\"id\":\"14d5cbd8-3941-4857-8747-6ba2632be899\",\"name\":\"CreateTime\",\"isPrimaryKey\":false,\"isForeignKey\":false,\"isUnique\":false,\"referenceType\":\"ManyToOne\",\"sqlType\":{\"name\":\"DATETIMEOFFSET\"},\"isRequired\":true,\"displayName\":\"CreateTime\",\"description\":\"System built-in field\",\"createTime\":\"2021-04-02T11:26:01.42Z\",\"createdBy\":\"8591aa4f-5f73-472a-9097-554b57154416\",\"updateTime\":\"2021-04-02T11:26:01.42Z\",\"isSystemField\":true,\"fieldDisplayType\":\"Basic\",\"choiceSetId\":\"00000000-0000-0000-0000-000000000000\",\"isAttachment\":false,\"isRbacEnabled\":false},{\"id\":\"7bc10f63-a693-eb11-85aa-0003ffba1aac\",\"name\":\"Handle\",\"isPrimaryKey\":false,\"isForeignKey\":false,\"isUnique\":false,\"referenceType\":\"ManyToOne\",\"sqlType\":{\"name\":\"NVARCHAR\",\"lengthLimit\":200},\"isRequired\":true,\"displayName\":\"Handle\",\"description\":\"Social Media Handle being tracked.\",\"createTime\":\"2021-04-02T11:27:21.083Z\",\"createdBy\":\"8591aa4f-5f73-472a-9097-554b57154416\",\"updateTime\":\"2021-04-02T11:27:31.387Z\",\"updatedBy\":\"8591aa4f-5f73-472a-9097-554b57154416\",\"isSystemField\":false,\"fieldDisplayType\":\"Basic\",\"choiceSetId\":\"00000000-0000-0000-0000-000000000000\",\"isAttachment\":false,\"isRbacEnabled\":false},{\"id\":\"c0339d29-1f6c-435d-90c2-2d95285e17db\",\"name\":\"Id\",\"isPrimaryKey\":true,\"isForeignKey\":false,\"isUnique\":false,\"referenceType\":\"ManyToOne\",\"sqlType\":{\"name\":\"UNIQUEIDENTIFIER\"},\"isRequired\":true,\"displayName\":\"Id\",\"description\":\"System built-in field\",\"createTime\":\"2021-04-02T11:26:01.42Z\",\"createdBy\":\"8591aa4f-5f73-472a-9097-554b57154416\",\"updateTime\":\"2021-04-02T11:26:01.42Z\",\"isSystemField\":true,\"fieldDisplayType\":\"Basic\",\"choiceSetId\":\"00000000-0000-0000-0000-000000000000\",\"isAttachment\":false,\"isRbacEnabled\":false},{\"id\":\"e9be427a-a693-eb11-85aa-0003ffba1aac\",\"name\":\"SocialMediaSite\",\"isPrimaryKey\":false,\"isForeignKey\":false,\"isUnique\":false,\"referenceChoiceSet\":{\"name\":\"SocMedSites\",\"entityTypeId\":0,\"entityType\":\"Entity\",\"isRbacEnabled\":false,\"id\":\"00000000-0000-0000-0000-000000000000\",\"createTime\":\"0001-01-01T00:00:00Z\"},\"referenceType\":\"ManyToOne\",\"sqlType\":{\"name\":\"INT\",\"lengthLimit\":200,\"maxValue\":1000000000000.0,\"minValue\":-1000000000000.0},\"isRequired\":true,\"displayName\":\"SocialMediaSite\",\"description\":\"\",\"createTime\":\"2021-04-02T11:28:00.007Z\",\"createdBy\":\"8591aa4f-5f73-472a-9097-554b57154416\",\"updateTime\":\"2021-04-02T11:28:00.007Z\",\"updatedBy\":\"8591aa4f-5f73-472a-9097-554b57154416\",\"isSystemField\":false,\"fieldDisplayType\":\"ChoiceSetSingle\",\"choiceSetId\":\"1b33dbb2-f88e-eb11-85aa-0003ffba1aac\",\"isAttachment\":false,\"isRbacEnabled\":false},{\"id\":\"2cd56833-fdf1-4819-8660-cdca252242c4\",\"name\":\"UpdatedBy\",\"isPrimaryKey\":false,\"isForeignKey\":false,\"isUnique\":false,\"referenceType\":\"ManyToOne\",\"sqlType\":{\"name\":\"UNIQUEIDENTIFIER\"},\"isRequired\":false,\"displayName\":\"UpdatedBy\",\"description\":\"System built-in field\",\"createTime\":\"2021-04-02T11:26:01.42Z\",\"createdBy\":\"8591aa4f-5f73-472a-9097-554b57154416\",\"updateTime\":\"2021-04-02T11:26:01.42Z\",\"isSystemField\":true,\"fieldDisplayType\":\"Basic\",\"choiceSetId\":\"00000000-0000-0000-0000-000000000000\",\"isAttachment\":false,\"isRbacEnabled\":false},{\"id\":\"e3373585-422a-489f-9e47-8a9f060e1f86\",\"name\":\"UpdateTime\",\"isPrimaryKey\":false,\"isForeignKey\":false,\"isUnique\":false,\"referenceType\":\"ManyToOne\",\"sqlType\":{\"name\":\"DATETIMEOFFSET\"},\"isRequired\":false,\"displayName\":\"UpdateTime\",\"description\":\"System built-in field\",\"createTime\":\"2021-04-02T11:26:01.42Z\",\"createdBy\":\"8591aa4f-5f73-472a-9097-554b57154416\",\"updateTime\":\"2021-04-02T11:26:01.42Z\",\"isSystemField\":true,\"fieldDisplayType\":\"Basic\",\"choiceSetId\":\"00000000-0000-0000-0000-000000000000\",\"isAttachment\":false,\"isRbacEnabled\":false}],\"recordCount\":2,\"storageSizeInMB\":0.070312,\"usedStorageSizeInMB\":0.015625,\"isRbacEnabled\":false,\"id\":\"84dc9233-a693-eb11-85aa-0003ffba1aac\",\"createdBy\":\"8591aa4f-5f73-472a-9097-554b57154416\",\"createTime\":\"2021-04-02T11:26:01.407Z\",\"updateTime\":\"2021-04-02T11:28:00.007Z\",\"updatedBy\":\"8591aa4f-5f73-472a-9097-554b57154416\"},{\"name\":\"SocMedFollowing\",\"displayName\":\"SocMedFollowing\",\"entityTypeId\":0,\"entityType\":\"Entity\",\"description\":\"Social Media Following is related to SocMedBotsSignUp\",\"fields\":[{\"id\":\"00c5f1d4-2cb0-49e6-8b07-1065e29eb2ed\",\"name\":\"CreatedBy\",\"isPrimaryKey\":false,\"isForeignKey\":false,\"isUnique\":false,\"referenceType\":\"ManyToOne\",\"sqlType\":{\"name\":\"UNIQUEIDENTIFIER\"},\"isRequired\":true,\"displayName\":\"CreatedBy\",\"description\":\"System built-in field\",\"createTime\":\"2021-04-17T12:55:01.313Z\",\"createdBy\":\"8591aa4f-5f73-472a-9097-554b57154416\",\"updateTime\":\"2021-04-17T12:55:01.313Z\",\"isSystemField\":true,\"fieldDisplayType\":\"Basic\",\"choiceSetId\":\"00000000-0000-0000-0000-000000000000\",\"isAttachment\":false,\"isRbacEnabled\":false},{\"id\":\"6797e4a8-ea29-4e39-b85d-d84418b89b70\",\"name\":\"CreateTime\",\"isPrimaryKey\":false,\"isForeignKey\":false,\"isUnique\":false,\"referenceType\":\"ManyToOne\",\"sqlType\":{\"name\":\"DATETIMEOFFSET\"},\"isRequired\":true,\"displayName\":\"CreateTime\",\"description\":\"System built-in field\",\"createTime\":\"2021-04-17T12:55:01.313Z\",\"createdBy\":\"8591aa4f-5f73-472a-9097-554b57154416\",\"updateTime\":\"2021-04-17T12:55:01.313Z\",\"isSystemField\":true,\"fieldDisplayType\":\"Basic\",\"choiceSetId\":\"00000000-0000-0000-0000-000000000000\",\"isAttachment\":false,\"isRbacEnabled\":false},{\"id\":\"9bcec182-7c9f-eb11-85aa-0003ffba1aac\",\"name\":\"Followers\",\"isPrimaryKey\":false,\"isForeignKey\":false,\"isUnique\":false,\"referenceType\":\"ManyToOne\",\"sqlType\":{\"name\":\"DECIMAL\",\"lengthLimit\":1000,\"maxValue\":1000000000000.0,\"minValue\":-1000000000000.0,\"decimalPrecision\":2},\"isRequired\":false,\"displayName\":\"Followers\",\"description\":\"The followers of handle on socmediasite recorded on createdby date.\",\"createTime\":\"2021-04-17T12:57:49.333Z\",\"createdBy\":\"8591aa4f-5f73-472a-9097-554b57154416\",\"updateTime\":\"2021-04-17T12:57:49.333Z\",\"updatedBy\":\"8591aa4f-5f73-472a-9097-554b57154416\",\"isSystemField\":false,\"fieldDisplayType\":\"Basic\",\"choiceSetId\":\"00000000-0000-0000-0000-000000000000\",\"defaultValue\":\"0\",\"isAttachment\":false,\"isRbacEnabled\":false},{\"id\":\"7f3ae1fd-859f-eb11-85aa-0003ffba1aac\",\"name\":\"Handle\",\"isPrimaryKey\":false,\"isForeignKey\":false,\"isUnique\":false,\"referenceType\":\"ManyToOne\",\"sqlType\":{\"name\":\"NVARCHAR\",\"lengthLimit\":200},\"isRequired\":false,\"displayName\":\"Handle\",\"description\":\"\",\"createTime\":\"2021-04-17T14:05:41.377Z\",\"createdBy\":\"8591aa4f-5f73-472a-9097-554b57154416\",\"updateTime\":\"2021-04-17T14:05:41.377Z\",\"updatedBy\":\"8591aa4f-5f73-472a-9097-554b57154416\",\"isSystemField\":false,\"fieldDisplayType\":\"Basic\",\"choiceSetId\":\"00000000-0000-0000-0000-000000000000\",\"isAttachment\":false,\"isRbacEnabled\":false},{\"id\":\"c9139306-ba73-44e3-b1e4-25b6f1a859a1\",\"name\":\"Id\",\"isPrimaryKey\":true,\"isForeignKey\":false,\"isUnique\":false,\"referenceType\":\"ManyToOne\",\"sqlType\":{\"name\":\"UNIQUEIDENTIFIER\"},\"isRequired\":true,\"displayName\":\"Id\",\"description\":\"System built-in field\",\"createTime\":\"2021-04-17T12:55:01.313Z\",\"createdBy\":\"8591aa4f-5f73-472a-9097-554b57154416\",\"updateTime\":\"2021-04-17T12:55:01.313Z\",\"isSystemField\":true,\"fieldDisplayType\":\"Basic\",\"choiceSetId\":\"00000000-0000-0000-0000-000000000000\",\"isAttachment\":false,\"isRbacEnabled\":false},{\"id\":\"8d7abd1d-869f-eb11-85aa-0003ffba1aac\",\"name\":\"SocialMediaSite\",\"isPrimaryKey\":false,\"isForeignKey\":false,\"isUnique\":false,\"referenceChoiceSet\":{\"name\":\"SocMedSites\",\"entityTypeId\":0,\"entityType\":\"Entity\",\"isRbacEnabled\":false,\"id\":\"00000000-0000-0000-0000-000000000000\",\"createTime\":\"0001-01-01T00:00:00Z\"},\"referenceType\":\"ManyToOne\",\"sqlType\":{\"name\":\"INT\",\"lengthLimit\":200,\"maxValue\":1000000000000.0,\"minValue\":-1000000000000.0},\"isRequired\":false,\"displayName\":\"SocialMediaSite\",\"description\":\"\",\"createTime\":\"2021-04-17T14:06:34.827Z\",\"createdBy\":\"8591aa4f-5f73-472a-9097-554b57154416\",\"updateTime\":\"2021-04-17T14:06:34.827Z\",\"updatedBy\":\"8591aa4f-5f73-472a-9097-554b57154416\",\"isSystemField\":false,\"fieldDisplayType\":\"ChoiceSetSingle\",\"choiceSetId\":\"1b33dbb2-f88e-eb11-85aa-0003ffba1aac\",\"isAttachment\":false,\"isRbacEnabled\":false},{\"id\":\"c8406122-efb7-4465-becb-721a8660d8fa\",\"name\":\"UpdatedBy\",\"isPrimaryKey\":false,\"isForeignKey\":false,\"isUnique\":false,\"referenceType\":\"ManyToOne\",\"sqlType\":{\"name\":\"UNIQUEIDENTIFIER\"},\"isRequired\":false,\"displayName\":\"UpdatedBy\",\"description\":\"System built-in field\",\"createTime\":\"2021-04-17T12:55:01.313Z\",\"createdBy\":\"8591aa4f-5f73-472a-9097-554b57154416\",\"updateTime\":\"2021-04-17T12:55:01.313Z\",\"isSystemField\":true,\"fieldDisplayType\":\"Basic\",\"choiceSetId\":\"00000000-0000-0000-0000-000000000000\",\"isAttachment\":false,\"isRbacEnabled\":false},{\"id\":\"722fbcda-2a4e-43b4-90d1-8c6fec8f8aa8\",\"name\":\"UpdateTime\",\"isPrimaryKey\":false,\"isForeignKey\":false,\"isUnique\":false,\"referenceType\":\"ManyToOne\",\"sqlType\":{\"name\":\"DATETIMEOFFSET\"},\"isRequired\":false,\"displayName\":\"UpdateTime\",\"description\":\"System built-in field\",\"createTime\":\"2021-04-17T12:55:01.313Z\",\"createdBy\":\"8591aa4f-5f73-472a-9097-554b57154416\",\"updateTime\":\"2021-04-17T12:55:01.313Z\",\"isSystemField\":true,\"fieldDisplayType\":\"Basic\",\"choiceSetId\":\"00000000-0000-0000-0000-000000000000\",\"isAttachment\":false,\"isRbacEnabled\":false}],\"recordCount\":8,\"storageSizeInMB\":0.070312,\"usedStorageSizeInMB\":0.015625,\"isRbacEnabled\":false,\"id\":\"560a981e-7c9f-eb11-85aa-0003ffba1aac\",\"createdBy\":\"8591aa4f-5f73-472a-9097-554b57154416\",\"createTime\":\"2021-04-17T12:55:01.303Z\",\"updateTime\":\"2021-04-17T14:06:34.827Z\",\"updatedBy\":\"8591aa4f-5f73-472a-9097-554b57154416\"}],\"choicesets\":[{\"id\":\"1b33dbb2-f88e-eb11-85aa-0003ffba1aac\",\"name\":\"SocMedSites\",\"displayName\":\"SocMedSites\",\"description\":\"This is a choice set of Social Media Sites that used in the Social Media Bots model.\",\"createdBy\":\"8591aa4f-5f73-472a-9097-554b57154416\",\"createTime\":\"2021-03-27T12:33:57.863Z\",\"updateTime\":\"2021-03-27T12:34:56.47Z\",\"updatedBy\":\"8591aa4f-5f73-472a-9097-554b57154416\",\"data\":[{\"DisplayName\":\"Instagram\",\"Name\":\"Instagram\",\"NumberId\":0},{\"DisplayName\":\"Facebook\",\"Name\":\"Facebook\",\"NumberId\":1},{\"DisplayName\":\"Youtube\",\"Name\":\"Youtube\",\"NumberId\":2},{\"DisplayName\":\"Soundcloud\",\"Name\":\"Soundcloud\",\"NumberId\":3},{\"DisplayName\":\"Social Media Sites\",\"Name\":\"SocialMediaSites\",\"NumberId\":4},{\"DisplayName\":\"Twitter\",\"Name\":\"Twitter\",\"NumberId\":5},{\"DisplayName\":\"TikTok\",\"Name\":\"TikTok\",\"NumberId\":6}]}]}",
  "SelectedEntitiesNames": [
    "SocMedFollowing"
  ]
}